{
  "accuracy": 0.8954591796721826,
  "precision": 0.8909837721365564,
  "recall": 0.9266755375026262,
  "f1_score": 0.908479231033299,
  "confusion_matrix": [
    [
      9604,
      1619
    ],
    [
      1047,
      13232
    ]
  ],
  "labels": [
    "FAKE",
    "REAL"
  ],
  "train_size": 102005,
  "test_size": 25502,
  "total_articles": 127507,
  "roc_fpr": [
    0.0,
    0.00017820547090795688,
    0.0007128218836318275,
    0.0009801300899937627,
    0.001425643767263655,
    0.0021384656508954825,
    0.00285128753452731,
    0.003475006682705159,
    0.0044551367726989215,
    0.005346164127238706,
    0.006237191481778491,
    0.007039116100864297,
    0.007841040719950102,
    0.00855386260358193,
    0.009444889958121714,
    0.0103359173126615,
    0.011226944667201283,
    0.012117972021741067,
    0.013008999376280852,
    0.013989129466274614,
    0.014701951349906442,
    0.015771184175354183,
    0.016840417000801924,
    0.01808785529715762,
    0.018978882651697407,
    0.020048115477145148,
    0.02102824556713891,
    0.022008375657132675,
    0.022899403011672457,
    0.024057738572574178,
    0.02503786866256794,
    0.026017998752561704,
    0.027443642519825357,
    0.028869286287089013,
    0.030027621847990734,
    0.031007751937984496,
    0.03234429296979417,
    0.033769936737057825,
    0.0351064777688675,
    0.03617571059431524,
    0.03742314889067094,
    0.038848792657934596,
    0.03991802548338234,
    0.041254566515192014,
    0.042323799340639755,
    0.04366034037244943,
    0.04508598413971309,
    0.046333422436068784,
    0.047759066203332444,
    0.048650093557872226,
    0.049897531854227926,
    0.051055867415129644,
    0.052481511182393296,
    0.053728949478749,
    0.05551100418782857,
    0.05658023701327631,
    0.057916778045085986,
    0.0590751136059877,
    0.060144346431435444,
    0.06148088746324512,
    0.06263922302414685,
    0.06415396952686447,
    0.06540140782322017,
    0.06655974338412189,
    0.06789628441593157,
    0.06958923638955716,
    0.07074757195045887,
    0.0719059075113606,
    0.07324244854317027,
    0.07448988683952597,
    0.07627194154860555,
    0.07743027710950726,
    0.07867771540586296,
    0.08054887285039651,
    0.08188541388220619,
    0.08357836585583177,
    0.08500400962309543,
    0.08678606433217499,
    0.08767709168671478,
    0.08919183818943241,
    0.09070658469215005,
    0.09195402298850575,
    0.09373607769758531,
    0.09551813240666489,
    0.0966764679675666,
    0.09819121447028424,
    0.10050788559208768,
    0.10264635124298316,
    0.1045175086875167,
    0.10603225519023433,
    0.10772520716385993,
    0.1095072618729395,
    0.11137841931747304,
    0.11271496034928272,
    0.11414060411654638,
    0.11636817250289584,
    0.11913035730196916,
    0.12126882295286465,
    0.12242715851376637,
    0.12385280228103003,
    0.12510024057738572,
    0.12741691169918917,
    0.12955537735008466,
    0.13115922658825627,
    0.13338679497460573,
    0.13516884968368528,
    0.13686180165731088,
    0.13953488372093023,
    0.14113873295910184,
    0.1430098904036354,
    0.1450592533190769,
    0.14693041076361044,
    0.14933618462086787,
    0.15147465027176335,
    0.15405862959992872,
    0.15637530072173217,
    0.15842466363717367,
    0.1619887730553328,
    0.1639490332353203,
    0.16582019067985387,
    0.16795865633074936,
    0.17054263565891473,
    0.17294840951617216,
    0.17508687516706764,
    0.1768689298761472,
    0.17927470373340462,
    0.18301701862247172,
    0.18622471709881494,
    0.18871959369152633,
    0.19121447028423771,
    0.19362024414149515,
    0.1966497371469304,
    0.2003920520359975,
    0.20351064777688674,
    0.2058273188986902,
    0.20814399002049364,
    0.21233181858683062,
    0.21625233894680568,
    0.21910362648133297,
    0.22142029760313642,
    0.22578633164038137,
    0.2292613383230865,
    0.231310701238528,
    0.23398378330214736,
    0.23906263922302415,
    0.24369598146663102,
    0.24699278267842822,
    0.252071638599305,
    0.25492292613383233,
    0.2574178027265437,
    0.26374409694377615,
    0.26882295286465296,
    0.27211975407645017,
    0.27657489084914905,
    0.28165374677002586,
    0.2881582464581663,
    0.29466274614630666,
    0.30277109507261873,
    0.30686982090350173,
    0.3117704713534705,
    0.31970061480887463,
    0.3252249844070213,
    0.3343134634233271,
    0.3401051412278357,
    0.3499955448632273,
    0.3536487570168404,
    0.35926222935044105,
    0.36924173572128666,
    0.37681546823487483,
    0.3865276663993585,
    0.39570524815111824,
    0.404882829902878,
    0.4153969526864475,
    0.42252517152276575,
    0.43526686269268466,
    0.4472066292435178,
    0.4619976833288782,
    0.46894769669428854,
    0.48044194956785174,
    0.49273812706050074,
    0.5078855920876771,
    0.5266862692684665,
    0.5409427069411031,
    0.5532388844337521,
    0.5864742047580861,
    0.6057203956161454,
    0.6275505658023701,
    0.6509845852267665,
    0.6689833377884701,
    0.6894769669428852,
    0.7141584246636372,
    0.7334937182571505,
    0.7557694021206451,
    0.7780450859841397,
    0.8067361668003208,
    0.8314176245210728,
    0.8712465472690012,
    0.9071549496569544,
    0.9319255101131605,
    1.0
  ],