{
  "accuracy": 0.8773773773773774,
  "precision": 0.9234317343173432,
  "recall": 0.8607050730868444,
  "f1_score": 0.8909657320872274,
  "confusion_matrix": [
    [
      752,
      83
    ],
    [
      162,
      1001
    ]
  ],
  "labels": [
    "FAKE",
    "REAL"
  ],
  "train_size": 125290,
  "test_size": 1998,
  "total_articles": 127288,
  "roc_fpr": [],
  "roc_tpr": [],
  "roc_auc": 0.0
}