{
  "accuracy": 0.8954258613255988,
  "precision": 0.8841979883536263,
  "recall": 0.9357142857142857,
  "f1_score": 0.9092270005443658,
  "confusion_matrix": [
    [
      9483,
      1750
    ],
    [
      918,
      13362
    ]
  ],
  "labels": [
    "FAKE",
    "REAL"
  ],
  "train_size": 102050,
  "test_size": 25513,
  "total_articles": 127563,
  "roc_fpr": [
    0.0,
    8.902341315766046e-05,
    0.00035609365263064184,
    0.0009792575447342652,
    0.0016024214368378883,
    0.002136561915783851,
    0.0028487492210451347,
    0.0037389833526217395,
    0.004451170657883023,
    0.005163357963144307,
    0.0058755452684055905,
    0.006765779399982195,
    0.007477966705243479,
    0.008279177423662423,
    0.009080388142081368,
    0.00970355203418499,
    0.010771832992076916,
    0.01157304371049586,
    0.012285231015757144,
    0.01326448856049141,
    0.014332769518383335,
    0.01513398023680228,
    0.016202261194694204,
    0.01727054215258613,
    0.018160776284162735,
    0.01905101041573934,
    0.020030267960473604,
    0.02092050209205021,
    0.021899759636784474,
    0.022789993768361078,
    0.023858274726253004,
    0.02501557909730259,
    0.026083860055194516,
    0.02697409418677112,
    0.027953351731505385,
    0.029021632689397312,
    0.030089913647289235,
    0.0310691711920235,
    0.032226475563073086,
    0.033294756520965016,
    0.03436303747885694,
    0.03569838867622185,
    0.03685569304727143,
    0.037923974005163355,
    0.038992254963055285,
    0.04032760616042019,
    0.0416629573577851,
    0.042820261728834685,
    0.04406658951304193,
    0.0454909641235645,
    0.046648268494614085,
    0.04789459627882133,
    0.048962877236713255,
    0.05029822843407816,
    0.05181162645775839,
    0.05305795424196564,
    0.054304282026172886,
    0.05572865663669545,
    0.056974984420902694,
    0.0583103356182676,
    0.06017982729457847,
    0.06160420190510104,
    0.06293955310246595,
    0.06400783406035787,
    0.06552123208403811,
    0.06667853645508769,
    0.06792486423929493,
    0.06908216861034452,
    0.07059556663402475,
    0.071841894418232,
    0.07371138609454286,
    0.07513576070506543,
    0.07638208848927268,
    0.07780646309979525,
    0.07967595477610612,
    0.08083325914715571,
    0.08243568058399359,
    0.08394907860767382,
    0.08546247663135405,
    0.0871539214813496,
    0.08875634291818749,
    0.09026974094186771,
    0.09222825603133625,
    0.09374165405501647,
    0.09561114573132734,
    0.09703552034184991,
    0.0990830588444761,
    0.100418410041841,
    0.10175376123920592,
    0.1029110656102555,
    0.10460251046025104,
    0.10611590848393128,
    0.10780735333392683,
    0.11038903231549897,
    0.11163536009970622,
    0.11314875812338646,
    0.11510727321285498,
    0.11679871806285053,
    0.11840113949968842,
    0.12000356093652631,
    0.12222914626546781,
    0.12507789548651296,
    0.12650227009703552,
    0.12872785542597703,
    0.13033027686281493,
    0.1321997685391258,
    0.13451437728122495,
    0.13584972847858987,
    0.13834238404700436,
    0.13994480548384225,
    0.1419033205733108,
    0.14359476542330632,
    0.14555328051277486,
    0.14849105314697766,
    0.15142882578118044,
    0.15338734087064898,
    0.15534585596011752,
    0.1573933944627437,
    0.15979702661800052,
    0.16220065877325737,
    0.16478233775482953,
    0.16736401673640167,
    0.16941155523902787,
    0.17243835128638832,
    0.1743078429626992,
    0.17680049853111368,
    0.17893706044689753,
    0.18089557553636607,
    0.18347725451793823,
    0.18668209739161398,
    0.1896198700258168,
    0.19166740852844297,
    0.19442713433633046,
    0.19709783673106027,
    0.1997685391257901,
    0.20190510104157394,
    0.20475385026261908,
    0.20795869313629484,
    0.21240986379417787,
    0.21623787055995727,
    0.21979880708626368,
    0.22255853289415117,
    0.22478411822309266,
    0.22825603133624142,
    0.23226208492833617,
    0.23564497462832726,
    0.2395620048072643,
    0.24196563696252113,
    0.24597169055461587,
    0.24935458025460697,
    0.2525594231282827,
    0.258523991809846,
    0.2633312561203597,
    0.2665360989940354,
    0.2713433633045491,
    0.2744591827650672,
    0.27864328318347725,
    0.2838066411466216,
    0.2886139054571352,
    0.29377726342027954,
    0.3008101130597347,
    0.30615151784919437,
    0.30997952461497374,
    0.315944093296537,
    0.3237781536544111,
    0.32796225407282115,
    0.3341938929938574,
    0.3418499065254162,
    0.3519095522122318,
    0.36081189352799786,
    0.3706934923884982,
    0.3814653253805751,
    0.38858719843318795,
    0.39980414849105317,
    0.41369180094364816,
    0.42588800854624764,
    0.444939018961987,
    0.4769874476987448,
    0.49114217039081276,
    0.5085907593697142,
    0.5212320840381021,
    0.5308466126591294,
    0.5451793821775127,
    0.5688596100774503,
    0.5910264399537078,
    0.6091872162378705,
    0.6361613104246416,
    0.665717083592985,
    0.6838778598771477,
    0.7093385560402385,
    0.7313273390901808,
    0.7576782693848482,
    0.7836731060268851,
    0.7964034541084305,
    0.8122496216504941,
    0.8433187928425175,
    0.8771476898424285,
    0.8955755363660642,
    0.9244191222291462,
    1.0
  ],