{
  "accuracy": 0.9006490264603095,
  "precision": 0.8900937866354045,
  "recall": 0.9042727408069079,
  "f1_score": 0.8971272431873569,
  "confusion_matrix": [
    [
      6554,
      750
    ],
    [
      643,
      6074
    ]
  ],
  "labels": [
    "FAKE",
    "REAL"
  ],
  "train_size": 56083,
  "test_size": 14021,
  "total_articles": 70104,
  "roc_fpr": [],
  "roc_tpr": [],
  "roc_auc": 0.0
}