{
  "accuracy": 0.8972156051079783,
  "precision": 0.8899959876955998,
  "recall": 0.9309597090095132,
  "f1_score": 0.910017094017094,
  "confusion_matrix": [
    [
      9666,
      1645
    ],
    [
      987,
      13309
    ]
  ],
  "labels": [
    "FAKE",
    "REAL"
  ],
  "train_size": 102428,
  "test_size": 25607,
  "total_articles": 128035,
  "roc_fpr": [
    0.0,
    0.0,
    0.0004420475643179206,
    0.0008840951286358412,
    0.001414552205817346,
    0.0018565997701352665,
    0.0026522853859075237,
    0.0032711519759526125,
    0.00406683759172487,
    0.004950932720360711,
    0.005569799310405799,
    0.006453894439041641,
    0.006895942003359561,
    0.0077800371319954025,
    0.008752541773494828,
    0.009548227389267085,
    0.010343913005039342,
    0.011404827159402352,
    0.012288922288038193,
    0.013261426929537619,
    0.014233931571037044,
    0.015118026699672885,
    0.01609053134117231,
    0.017063035982671736,
    0.017947131111307576,
    0.01883122623994342,
    0.019892140394306427,
    0.02095305454866944,
    0.02210237821589603,
    0.022986473344531872,
    0.023958977986031298,
    0.025019892140394306,
    0.02599239678189373,
    0.026964901423393157,
    0.027848996552029,
    0.02899832021925559,
    0.030059234373618602,
    0.031031739015118028,
    0.03209265316948104,
    0.033153567323844044,
    0.034214481478207055,
    0.03527539563257007,
    0.03624790027406949,
    0.03722040491556892,
    0.03872336663424984,
    0.03969587127574927,
    0.040845194942975865,
    0.042171337635929625,
    0.043232251790292636,
    0.04473521350897357,
    0.04606135620192733,
    0.047033860843426756,
    0.04827159402351693,
    0.049244098665016355,
    0.05048183184510653,
    0.05171956502519671,
    0.05295729820528689,
    0.054018212359649896,
    0.05525594553974007,
    0.056758907258421004,
    0.05808504995137477,
    0.059234373618601364,
    0.060560516311555124,
    0.06188665900450888,
    0.0629475731588719,
    0.06418530633896208,
    0.06542303951905225,
    0.06657236318627885,
    0.06816373441782336,
    0.06993192467509504,
    0.07134647688091239,
    0.07320307665104765,
    0.07523649544691009,
    0.0762974096012731,
    0.07780037131995403,
    0.0790381045000442,
    0.0801874281672708,
    0.08151357086022457,
    0.08275130404031474,
    0.08390062770754134,
    0.08584563699054018,
    0.08699496065776678,
    0.0885863318893113,
    0.09000088409512863,
    0.09141543630094598,
    0.09300680753249049,
    0.09504022632835293,
    0.09672000707276103,
    0.09831137830430554,
    0.09972593051012289,
    0.10114048271594024,
    0.1029970824860755,
    0.10414640615330209,
    0.10617982494916453,
    0.10741755812925471,
    0.10883211033507205,
    0.11113075766952524,
    0.1130757669525241,
    0.11466713818406861,
    0.11652373795420387,
    0.11838033772433913,
    0.12006011846874724,
    0.12209353726460967,
    0.12368490849615418,
    0.12562991777915303,
    0.1275749270621519,
    0.1296083458580143,
    0.13181858367960392,
    0.13332154539828486,
    0.13455927857837505,
    0.13712315445141898,
    0.13968703032446292,
    0.1419856776589161,
    0.1442843249933693,
    0.14622933427636814,
    0.14932366722659357,
    0.1514454955353196,
    0.1532136857925913,
    0.15551233312704446,
    0.1582530280258156,
    0.1609053134117231,
    0.16293873220758553,
    0.16497215100344798,
    0.16709397931217398,
    0.16886216956944566,
    0.17045354080099018,
    0.17284059764830695,
    0.17673061621430466,
    0.17894085403589427,
    0.18088586331889311,
    0.1843338343205729,
    0.18751657678366193,
    0.19008045265670587,
    0.19220228096543188,
    0.19511979488993014,
    0.2003359561488816,
    0.20307665104765274,
    0.20555211740783308,
    0.2076739457165591,
    0.2115639642825568,
    0.214923525771373,
    0.2193440014145522,
    0.22120060118468748,
    0.22420652462204932,
    0.22800813367518344,
    0.23012996198390948,
    0.23242860931836265,
    0.23861727521881354,
    0.2422420652462205,
    0.24577844576076385,
    0.25143665458403325,
    0.2547962160728494,
    0.25868623463884716,
    0.2646096720007073,
    0.2711519759526125,
    0.2785783750331536,
    0.2818495270091062,
    0.28768455485810274,
    0.2917513924498276,
    0.2971443727345062,
    0.30200689594200336,
    0.30925647599681727,
    0.3161524180001768,
    0.32251790292635485,
    0.32861815931394217,
    0.33542569180443815,
    0.34718415701529487,
    0.35823534612324287,
    0.3653081071523296,
    0.3710547254884626,
    0.38546547608522674,
    0.3948368844487667,
    0.40951286358412164,
    0.4154363009459818,
    0.42401202369374946,
    0.4385111838033772,
    0.44850145875696223,
    0.4615860666607727,
    0.48227389267085136,
    0.4950048625232075,
    0.5134824507116966,
    0.5288657059499602,
    0.5398284855450447,
    0.5578640261692158,
    0.5817345946423835,
    0.605870391654142,
    0.6159490761205906,
    0.6406153302095305,
    0.6588276898594289,
    0.6776589160993723,
    0.7034744938555388,
    0.7232782247369817,
    0.7450269649014234,
    0.7781805322252674,
    0.8083281761117497,
    0.8382990009725046,
    0.860755017239855,
    0.8877199186632482,
    0.9205198479356379,
    1.0
  ],