{
  "accuracy": 0.8962013443801782,
  "precision": 0.887623234745537,
  "recall": 0.9322093185952148,
  "f1_score": 0.9093700948611206,
  "confusion_matrix": [
    [
      9607,
      1687
    ],
    [
      969,
      13325
    ]
  ],
  "labels": [
    "FAKE",
    "REAL"
  ],
  "train_size": 102352,
  "test_size": 25588,
  "total_articles": 127940,
  "roc_fpr": [
    0.0,
    0.0,
    0.0002656277669559058,
    0.0007083407118824154,
    0.0014166814237648309,
    0.0019479369576766426,
    0.0028333628475296618,
    0.003630246148397379,
    0.004515672038250399,
    0.005312555339118116,
    0.006197981228971135,
    0.007171949707809456,
    0.007968833008677173,
    0.008854258898530193,
    0.009562599610412609,
    0.010359482911280325,
    0.011244908801133345,
    0.011953249513015761,
    0.012927217991854081,
    0.013901186470692403,
    0.014875154949530725,
    0.015849123428369045,
    0.016646006729236763,
    0.017531432619089782,
    0.018593943686913406,
    0.019302284398795822,
    0.020364795466619443,
    0.021338763945457764,
    0.022755445369222596,
    0.02381795643704622,
    0.02479192491588454,
    0.025854435983708162,
    0.026828404462546484,
    0.02797945811935541,
    0.029041969187179034,
    0.029927395077032053,
    0.030989906144855677,
    0.0322295023906499,
    0.033292013458473525,
    0.03444306711528245,
    0.03585974853904728,
    0.036833717017885605,
    0.03807331326367983,
    0.039047281742518154,
    0.040286877988312375,
    0.0412608464671507,
    0.04258898530193023,
    0.043828581547724454,
    0.04489109261554808,
    0.04621923145032761,
    0.04710465734018063,
    0.048344253585974856,
    0.04984947759872499,
    0.051000531255533915,
    0.052151584912342834,
    0.053479723747122364,
    0.0550734903488578,
    0.05631308659465203,
    0.05764122542943156,
    0.05914644944218169,
    0.06056313086594652,
    0.06189126970072605,
    0.06295378076854967,
    0.0641048344253586,
    0.06552151584912343,
    0.06676111209491765,
    0.06808925092969718,
    0.06924030458650611,
    0.07092261377722685,
    0.07278200814591819,
    0.07402160439171242,
    0.07517265804852134,
    0.07667788206127148,
    0.07818310607402161,
    0.07959978749778643,
    0.08101646892155126,
    0.082698778112272,
    0.08367274659111032,
    0.08508942801487515,
    0.08668319461661059,
    0.08801133345139012,
    0.08942801487515495,
    0.09119886665486099,
    0.09217283513369931,
    0.09358951655746414,
    0.09491765539224367,
    0.09677704976093501,
    0.09828227377368515,
    0.10005312555339119,
    0.10164689215512662,
    0.10332920134584735,
    0.1054542234814946,
    0.10669381972728882,
    0.10837612891800956,
    0.11103240658756862,
    0.11244908801133345,
    0.114662652735966,
    0.11607933415973083,
    0.11820435629537808,
    0.12024083584204003,
    0.12174605985479016,
    0.1237825394014521,
    0.12537630600318753,
    0.12723570037187887,
    0.12953780768549672,
    0.13192845758809987,
    0.13396493713476182,
    0.13635558703736497,
    0.1379493536391004,
    0.13972020541880645,
    0.14140251460952719,
    0.14335045156720383,
    0.14494421816893927,
    0.14795466619443953,
    0.14999114574110148,
    0.15247033823268993,
    0.15406410483442537,
    0.15645475473702852,
    0.15884540463963168,
    0.1610589693642642,
    0.16318399149991145,
    0.16477775810164688,
    0.16725695059323534,
    0.1696476004958385,
    0.17212679298742695,
    0.17522578360191252,
    0.17832477421639809,
    0.18257481848769258,
    0.18567380910217815,
    0.18903842748361963,
    0.19116344961926687,
    0.19328847175491412,
    0.1965645475473703,
    0.19984062333982647,
    0.20267398618735613,
    0.20506463608995926,
    0.20807508411545952,
    0.21002302107313617,
    0.21232512838675402,
    0.2156897467681955,
    0.2204710465734018,
    0.22357003718788737,
    0.22675757039135824,
    0.22994510359482911,
    0.23516911634496193,
    0.2376483088365504,
    0.24127855498494777,
    0.24482025854435985,
    0.24933593058261025,
    0.256596422879405,
    0.2626173189304055,
    0.26775278909155303,
    0.27341951478661236,
    0.27696121834602444,
    0.2801487515494953,
    0.2831591995749956,
    0.2890915530370108,
    0.2936072250752612,
    0.29741455640162917,
    0.3061802727111741,
    0.31308659465202765,
    0.3219408535505578,
    0.32858154772445547,
    0.3331857623516912,
    0.33805560474588275,
    0.34673277846644235,
    0.3547016114751195,
    0.3641756684965468,
    0.3737382681069594,
    0.3810873029927395,
    0.3897644767132991,
    0.3980874800779175,
    0.4080927926332566,
    0.41871790331149283,
    0.4283690455108907,
    0.4414733486807154,
    0.45723392952009917,
    0.4666194439525412,
    0.4815831414910572,
    0.49769789268638215,
    0.5115105365680892,
    0.5288648840092084,
    0.5455994333274304,
    0.5680892509296972,
    0.5795997874977864,
    0.5973083052948468,
    0.6127147157782894,
    0.6365326722153356,
    0.6567203825039845,
    0.687090490525943,
    0.709403222950239,
    0.7221533557641225,
    0.7486275898707279,
    0.7816539755622455,
    0.7982114397024969,
    0.832565964228794,
    0.8662121480432088,
    0.8983531078448734,
    0.9374003895873916,
    1.0
  ],